horizon,bulan_prediksi,train_n,test_n,accuracy,macro_f1,recall_high,f1_high,support_high_test
2,Mei 2026,2604,403,0.6898263027295285,0.5714107365792759,0.6428571428571429,0.24,14
3,Juni 2026,2604,372,0.532258064516129,0.43830175432600355,0.5714285714285714,0.13008130081300814,14
4,Juli 2026,2604,341,0.49266862170087977,0.3650435365863234,1.0,0.01694915254237288,1
5,Agustus 2026,2604,310,0.5032258064516129,0.3792898565449261,1.0,0.019230769230769232,1
